{"stats":{"minecraft:used":{"minecraft:stone":1,"minecraft:zoglin_spawn_egg":1},"minecraft:picked_up":{"minecraft:rotten_flesh":1},"minecraft:mined":{"minecraft:fire":7},"minecraft:killed":{"minecraft:zoglin":1},"minecraft:custom":{"minecraft:jump":35,"minecraft:time_since_rest":3609,"minecraft:damage_dealt":400,"minecraft:crouch_one_cm":105,"minecraft:leave_game":1,"minecraft:sprint_one_cm":2419,"minecraft:play_time":3609,"minecraft:damage_taken":10,"minecraft:time_since_death":3609,"minecraft:walk_one_cm":1024,"minecraft:sneak_time":107,"minecraft:total_world_time":3609,"minecraft:mob_kills":1,"minecraft:fly_one_cm":4704}},"DataVersion":3465}